<?xml version="1.0" encoding="utf-8" ?>
<mod>
  <name>Mobile Lab Upgrades</name>
  <description>Adds quests and upgrades for the Mobile Lab</description>
  <author>Goboosh</author>
  <version>1.0.0</version><requires>Full Version</requires>
  <init>
    <include id="items/items.xml"/>
    <include id="structures/structures.xml"/>
    <include id="recipes/recipes.xml"/>
    <include id="lang.xml"/>
    <include id="vehicles/research.xml"/>
    <include id="areas/areas.xml"/>
  </init>
</mod>
